Create test table
CREATE TABLE api_scan (
sint8 TINYINT NOT NULL,
uint8 TINYINT UNSIGNED NOT NULL,
sint16 SMALLINT NOT NULL,
uint16 SMALLINT UNSIGNED NOT NULL,
sint24 MEDIUMINT NOT NULL,
uint24 MEDIUMINT UNSIGNED NOT NULL,
sint32 INT NOT NULL,
uint32 INT UNSIGNED NOT NULL,
sint64 BIGINT NOT NULL,
uint64 BIGINT UNSIGNED NOT NULL,
cfloat FLOAT NOT NULL,
cdouble DOUBLE NOT NULL,
cchar VARCHAR(29) NOT NULL,
PRIMARY KEY USING HASH (sint32)) ENGINE=NDB CHARSET=latin1;
CREATE INDEX
index_sint24
ON api_scan
(sint24);
First 10 lines of the generated data:
62	87	-25488	27678	-9	14368690	-5156443	2056491719	3519868326185074688	15395537606217302016	-2431.85935263128	1.43216942892882e+18	GROUPxxx_1
25	232	-696	35126	0	7342339	-645631283	3959625637	-8109343669059452928	15862246436851220480	30931.3637833807	6.43613771748363e+18	GROUPxxx_2
-51	186	-29138	17954	-4	9491376	1525466897	928145908	5565944376300339200	15068177330536316928	-18764.1893696898	-7.58651147258954e+18	GROUPxxx_3
110	35	2914	34027	-4	5218053	-168766724	821361475	-6720976688912793600	4615513547894882304	2490.60136333665	-7.93313729086063e+18	GROUPxxx_4
47	72	-15698	689	3	6814801	-49397943	2319122333	-4953312151833608192	15486175110019940352	-10116.9427768911	2.16822494489045e+18	GROUPxxx_1
-65	237	-18719	53677	6	10301499	1386356935	2665406530	-4564847190551166976	11357772782913257472	-26021.4691116491	8.15271720752769e+18	GROUPxxx_2
124	9	15627	39053	-5	13970195	481226877	389011288	-4313668273485709312	10793733106332467200	-6943.07038765573	7.33291495799364e+18	GROUPxxx_3
-73	216	29702	62290	2	8465792	1039002131	2618515073	-6820734807959928832	17411263075538108416	-19083.427451053	-5.50251058361552e+18	GROUPxxx_4
23	94	-3329	20520	-1	413564	-1625990412	1502660954	-7651369652399833088	13570718987422531584	-7407.08339792973	-1.99300668912973e+18	GROUPxxx_1
-14	187	16421	59337	-3	143661	176630017	3926761210	-3075497378336342016	15188948343252385792	-19872.9704178818	5.73085580374068e+18	GROUPxxx_2
LOAD DATA INFILE '/home/user/prog/rondb-rest-sql/build2/mysql-test/var/tmp/test_data.tsv' INTO TABLE api_scan;
Number of rows in the table:
select count(*) from api_scan;
count(*)
10000
== Query ==
SELECT cchar as char_gr
, sint24 as int_gr
, sum(uint64+uint8)
, min(cdouble) AS mindbl
, max(uint24) as max24
FROM api_scan
WHERE sint8 = 66
GROUP BY cchar
, sint24;

== MySQL result ==
char_gr	int_gr	sum(uint64+uint8)	mindbl	max24
GROUPxxx_1	-2	2680335813729058858	-1.16677410478896e18	4763879
GROUPxxx_1	-4	7071780529845043388	4.72198751422421e18	14576834
GROUPxxx_1	-5	3930781542637633674	-3.38492829494844e18	6604077
GROUPxxx_1	-9	9009100351292047601	3.07625203360688e18	11837626
GROUPxxx_1	1	16028371048750907446	6.77913915047163e18	15092299
GROUPxxx_1	2	4806512674019737679	-5.82307398573477e18	6211560
GROUPxxx_1	3	29972858863935029550	-6.93062323448198e18	12633683
GROUPxxx_1	5	26417568510771986845	0	16276344
GROUPxxx_1	6	8171854448899653712	1.61930165733425e17	9440460
GROUPxxx_1	7	5644486055825244233	4.21592802941862e17	6153697
GROUPxxx_2	-10	3774454379750686924	-4.8447382847756e18	14475297
GROUPxxx_2	-2	6676398469667684471	-1.61853052497671e18	5306780
GROUPxxx_2	-5	12468435576608849982	-9.29646147136455e17	8661626
GROUPxxx_2	-7	11333145777683366133	-4.31879362031472e18	12580192
GROUPxxx_2	0	14564216320019202076	8.29347254923028e18	11417629
GROUPxxx_2	1	382016036838637816	-8.63526147078862e18	7796786
GROUPxxx_2	3	14560665106443468842	-8.80283261720127e18	13273092
GROUPxxx_2	4	16723691181086408891	2.997770163857e17	7818409
GROUPxxx_2	9	15049823997747921042	-7.42399786831217e18	12625755
GROUPxxx_3	-10	101	-6.51335968981254e17	7252905
GROUPxxx_3	-3	10465997152610025687	-2.58577113889663e18	2135156
GROUPxxx_3	-6	6259267862844276921	8.61836974836285e18	15307451
GROUPxxx_3	-9	49	7.41886117090217e18	855894
GROUPxxx_3	3	33466030353361535316	-1.06936454912121e18	15573703
GROUPxxx_3	5	5089704783669755938	-2.11189087917887e18	2321601
GROUPxxx_3	8	247	4.70770187495434e18	15959839
GROUPxxx_4	-1	29169800085173305700	-4.02902902249875e18	13601647
GROUPxxx_4	-10	17154298688104235165	-2.55306553996706e18	3372689
GROUPxxx_4	-3	2162337799143096496	-4.23983772216977e18	13669335
GROUPxxx_4	-4	2258304801678229715	6.60110353398347e18	5635400
GROUPxxx_4	-5	31677622842264781036	-3.45627518845157e18	15204889
GROUPxxx_4	-6	1675419498253320319	2.00009297666251e18	1439390
GROUPxxx_4	-9	5220282770714198064	0	3268271
GROUPxxx_4	0	8950498707052626128	2.8989565871027e18	22099
GROUPxxx_4	10	10826198335456411733	0	10905694
GROUPxxx_4	2	10263245238029975643	-5.85175501477347e18	13926467
GROUPxxx_4	3	12833116579748839475	4.80454378748412e18	2642933
GROUPxxx_4	4	8450435313921622229	-9.16406541429028e18	8711114
GROUPxxx_4	7	14881938988633096220	8.4134038805564e18	3261223

== RonDBSQL result ==
char_gr	int_gr	sum(uint64+uint8)	mindbl	max24
GROUPxxx_1	-2	2680335813729058858	-1.16677410478896e18	4763879
GROUPxxx_1	-4	7071780529845043388	4.72198751422421e18	14576834
GROUPxxx_1	-5	3930781542637633674	-3.38492829494844e18	6604077
GROUPxxx_1	-9	9009100351292047601	3.07625203360688e18	11837626
GROUPxxx_1	1	16028371048750907446	6.77913915047163e18	15092299
GROUPxxx_1	2	4806512674019737679	-5.82307398573477e18	6211560
GROUPxxx_1	3	11526114790225477934	-6.93062323448198e18	12633683
GROUPxxx_1	5	7970824437062435229	0	16276344
GROUPxxx_1	6	8171854448899653712	1.61930165733425e17	9440460
GROUPxxx_1	7	5644486055825244233	4.21592802941862e17	6153697
GROUPxxx_2	-10	3774454379750686924	-4.8447382847756e18	14475297
GROUPxxx_2	-2	6676398469667684471	-1.61853052497671e18	5306780
GROUPxxx_2	-5	12468435576608849982	-9.29646147136455e17	8661626
GROUPxxx_2	-7	11333145777683366133	-4.31879362031472e18	12580192
GROUPxxx_2	0	14564216320019202076	8.29347254923028e18	11417629
GROUPxxx_2	1	382016036838637816	-8.63526147078862e18	7796786
GROUPxxx_2	3	14560665106443468842	-8.80283261720127e18	13273092
GROUPxxx_2	4	16723691181086408891	2.997770163857e17	7818409
GROUPxxx_2	9	15049823997747921042	-7.42399786831217e18	12625755
GROUPxxx_3	-10	101	-6.51335968981254e17	7252905
GROUPxxx_3	-3	10465997152610025687	-2.58577113889663e18	2135156
GROUPxxx_3	-6	6259267862844276921	8.61836974836285e18	15307451
GROUPxxx_3	-9	49	7.41886117090217e18	855894
GROUPxxx_3	3	15019286279651983700	-1.06936454912121e18	15573703
GROUPxxx_3	5	5089704783669755938	-2.11189087917887e18	2321601
GROUPxxx_3	8	247	4.70770187495434e18	15959839
GROUPxxx_4	-1	10723056011463754084	-4.02902902249875e18	13601647
GROUPxxx_4	-10	17154298688104235165	-2.55306553996706e18	3372689
GROUPxxx_4	-3	2162337799143096496	-4.23983772216977e18	13669335
GROUPxxx_4	-4	2258304801678229715	6.60110353398347e18	5635400
GROUPxxx_4	-5	13230878768555229420	-3.45627518845157e18	15204889
GROUPxxx_4	-6	1675419498253320319	2.00009297666251e18	1439390
GROUPxxx_4	-9	5220282770714198064	0	3268271
GROUPxxx_4	0	8950498707052626128	2.8989565871027e18	22099
GROUPxxx_4	10	10826198335456411733	0	10905694
GROUPxxx_4	2	10263245238029975643	-5.85175501477347e18	13926467
GROUPxxx_4	3	12833116579748839475	4.80454378748412e18	2642933
GROUPxxx_4	4	8450435313921622229	-9.16406541429028e18	8711114
GROUPxxx_4	7	14881938988633096220	8.4134038805564e18	3261223

== Diff ==
--- mysql.out
+++ rondb_sql.out
@@ -5,8 +5,8 @@
 GROUPxxx_1	-9	9009100351292047601	3.07625203360688e18	11837626
 GROUPxxx_1	1	16028371048750907446	6.77913915047163e18	15092299
 GROUPxxx_1	2	4806512674019737679	-5.82307398573477e18	6211560
-GROUPxxx_1	3	29972858863935029550	-6.93062323448198e18	12633683
-GROUPxxx_1	5	26417568510771986845	0	16276344
+GROUPxxx_1	3	11526114790225477934	-6.93062323448198e18	12633683
+GROUPxxx_1	5	7970824437062435229	0	16276344
 GROUPxxx_1	6	8171854448899653712	1.61930165733425e17	9440460
 GROUPxxx_1	7	5644486055825244233	4.21592802941862e17	6153697
 GROUPxxx_2	-10	3774454379750686924	-4.8447382847756e18	14475297
@@ -22,14 +22,14 @@
 GROUPxxx_3	-3	10465997152610025687	-2.58577113889663e18	2135156
 GROUPxxx_3	-6	6259267862844276921	8.61836974836285e18	15307451
 GROUPxxx_3	-9	49	7.41886117090217e18	855894
-GROUPxxx_3	3	33466030353361535316	-1.06936454912121e18	15573703
+GROUPxxx_3	3	15019286279651983700	-1.06936454912121e18	15573703
 GROUPxxx_3	5	5089704783669755938	-2.11189087917887e18	2321601
 GROUPxxx_3	8	247	4.70770187495434e18	15959839
-GROUPxxx_4	-1	29169800085173305700	-4.02902902249875e18	13601647
+GROUPxxx_4	-1	10723056011463754084	-4.02902902249875e18	13601647
 GROUPxxx_4	-10	17154298688104235165	-2.55306553996706e18	3372689
 GROUPxxx_4	-3	2162337799143096496	-4.23983772216977e18	13669335
 GROUPxxx_4	-4	2258304801678229715	6.60110353398347e18	5635400
-GROUPxxx_4	-5	31677622842264781036	-3.45627518845157e18	15204889
+GROUPxxx_4	-5	13230878768555229420	-3.45627518845157e18	15204889
 GROUPxxx_4	-6	1675419498253320319	2.00009297666251e18	1439390
 GROUPxxx_4	-9	5220282770714198064	0	3268271
 GROUPxxx_4	0	8950498707052626128	2.8989565871027e18	22099
================================================================================



== Query ==
SELECT cchar as char_gr
, sint24 as int_gr
, sum(uint64+uint8)
, min(cdouble) AS mindbl
, max(uint24) as max24
FROM api_scan
WHERE sint24 >= 6 AND sint24 < 8 AND sint8 = 66
GROUP BY cchar
, sint24;

== MySQL result ==
char_gr	int_gr	sum(uint64+uint8)	mindbl	max24
GROUPxxx_1	6	8171854448899653712	1.61930165733425e17	9440460
GROUPxxx_1	7	5644486055825244233	4.21592802941862e17	6153697
GROUPxxx_4	7	14881938988633096220	8.4134038805564e18	3261223

== RonDBSQL result ==
char_gr	int_gr	sum(uint64+uint8)	mindbl	max24
GROUPxxx_1	6	8171854448899653712	1.61930165733425e17	9440460
GROUPxxx_1	7	5644486055825244233	4.21592802941862e17	6153697
GROUPxxx_4	7	14881938988633096220	8.4134038805564e18	3261223

== Diff ==
================================================================================



Cleanup
DROP TABLE api_scan;
