Create test table api_scan with 10 rows
First 10 lines of the generated data:
62	87	-25488	27678	-9	14368690	-5156443	2056491719	\N	153955376062173	-2431.85935263128	14321694289288.1	GROUPxxx_1
-76	24	\N	47741	-9	4596316	-902924993	2429792275	65518304374149	\N	\N	58448052936814.9	GROUPxxx_2
\N	129	\N	61803	4	4777242	-1028760442	45199359	21981111678456	74929535929407	-754.241278404097	0	GROUPxxx_3
29	26	28964	8260	1	10303983	2093777956	152754805	43988087563153	109927160798901	-14260.4950080225	61370208735889.5	GROUPxxx_4
\N	33	29089	13684	-6	\N	920009155	217735493	16804493538472	67777314113359	-3328.47380493434	-34473920104112.8	GROUPxxx_1
-126	138	\N	\N	7	3301177	1334318845	4276534938	\N	8615318059616	14756.0609622539	-60809852424285.9	GROUPxxx_2
\N	237	6965	19631	7	1420843	-1067291769	1292267965	87988786490592	84171599780726	-2122.06789164293	\N	GROUPxxx_3
\N	244	8472	21864	-7	\N	1808712351	2256066058	\N	155072742467570	26435.2364976666	33282470331032.3	GROUPxxx_4
-8	\N	18380	58629	\N	6437771	-93589580	\N	-30496753503892	6430620415416	-21183.0334452703	40940163311417.1	GROUPxxx_1
\N	239	-2562	32495	-8	\N	341659221	3171896752	-34161701088434	72158810444008	-16112.0712759183	74361877922151.8	GROUPxxx_2
Number of rows in the table:
select count(*) from api_scan;
count(*)
10



Formatting float
== Query ==
SELECT cfloat
, count(cfloat)
FROM api_scan
WHERE sint24 = 0 and (sint8 = 0 or sint8 = 1)
GROUP BY cfloat;

Number of output lines, including header: 0

== Diff ==
================================================================================



Formatting int16
== Query ==
SELECT sint16
, count(sint16)
FROM api_scan
GROUP BY sint16;

Number of output lines, including header: 9

== Diff ==
================================================================================



Avg signed int16
== Query ==
SELECT cchar as char_gr
, sum(sint16)
, count(sint16)
, avg(sint16)
FROM api_scan
GROUP BY cchar;

Number of output lines, including header: 5

== Diff ==
================================================================================



Avg unsigned int16
== Query ==
SELECT cchar as char_gr
, sum(uint16)
, count(uint16)
, avg(uint16)
FROM api_scan
GROUP BY cchar;

Number of output lines, including header: 5

== Diff ==
================================================================================



Avg float
== Query ==
SELECT cchar as char_gr
, sum(cfloat)
, count(cfloat)
, avg(cfloat)
FROM api_scan
GROUP BY cchar;

Number of output lines, including header: 5

== Diff ==
================================================================================



Avg double
== Query ==
SELECT cchar as char_gr
, sum(cdouble)
, count(cdouble)
, avg(cdouble)
FROM api_scan
GROUP BY cchar;

Number of output lines, including header: 5

== Diff ==
================================================================================



Cleanup
DROP TABLE api_scan;
