Create test table api_scan with 10 rows
First 10 lines of the generated data:
62	87	-25488	27678	-9	14368690	-5156443	2056491719	35198683261851	153955376062173	-2431.85935263128	14321694289288.1	GROUPxxx_1
25	232	-696	35126	0	7342339	-645631283	3959625637	-81093436690594	158622464368512	30931.3637833807	64361377174835.8	GROUPxxx_2
-51	186	-29138	17954	-4	9491376	1525466897	928145908	55659443763003	150681773305363	-18764.1893696898	-75865114725894.8	GROUPxxx_3
110	35	2914	34027	-4	5218053	-168766724	821361475	-67209766889128	46155135478948	2490.60136333665	-79331372908605.6	GROUPxxx_4
47	72	-15698	689	3	6814801	-49397943	2319122333	-49533121518336	154861751100199	-10116.9427768911	21682249448904.3	GROUPxxx_1
-65	237	-18719	53677	6	10301499	1386356935	2665406530	-45648471905512	113577727829132	-26021.4691116491	81527172075276.2	GROUPxxx_2
124	9	15627	39053	-5	13970195	481226877	389011288	-43136682734857	107937331063324	-6943.07038765573	73329149579935.8	GROUPxxx_3
-73	216	29702	62290	2	8465792	1039002131	2618515073	-68207348079599	174112630755381	-19083.427451053	-55025105836154.8	GROUPxxx_4
23	94	-3329	20520	-1	413564	-1625990412	1502660954	-76513696523998	135707189874225	-7407.08339792973	-19930066891297.1	GROUPxxx_1
-14	187	16421	59337	-3	143661	176630017	3926761210	-30754973783363	151889483432524	-19872.9704178818	57308558037406.4	GROUPxxx_2
Number of rows in the table:
select count(*) from api_scan;
count(*)
10



Formatting float
== Query ==
SELECT cfloat
, count(cfloat)
FROM api_scan
WHERE sint24 = 0 and (sint8 = 0 or sint8 = 1)
GROUP BY cfloat;

Number of output lines, including header: 0

== Diff ==
================================================================================



Formatting int16
== Query ==
SELECT sint16
, count(sint16)
FROM api_scan
GROUP BY sint16;

Number of output lines, including header: 11

== Diff ==
================================================================================



Avg signed int16
== Query ==
SELECT cchar as char_gr
, sum(sint16)
, count(sint16)
, avg(sint16)
FROM api_scan
GROUP BY cchar;

Number of output lines, including header: 5

== Diff ==
--- mysql.out
+++ ronsql.out
@@ -1,5 +1,5 @@
 char_gr	sum(sint16)	count(sint16)	avg(sint16)
-GROUPxxx_1	-44515	3	-14838.3333
-GROUPxxx_2	-2994	3	-998.0000
-GROUPxxx_3	-13511	2	-6755.5000
-GROUPxxx_4	32616	2	16308.0000
+GROUPxxx_1	-44515	3	-14838.333333333334
+GROUPxxx_2	-2994	3	-998
+GROUPxxx_3	-13511	2	-6755.5
+GROUPxxx_4	32616	2	16308
================================================================================



Avg unsigned int16
== Query ==
SELECT cchar as char_gr
, sum(uint16)
, count(uint16)
, avg(uint16)
FROM api_scan
GROUP BY cchar;

Number of output lines, including header: 5

== Diff ==
--- mysql.out
+++ ronsql.out
@@ -1,5 +1,5 @@
 char_gr	sum(uint16)	count(uint16)	avg(uint16)
-GROUPxxx_1	48887	3	16295.6667
-GROUPxxx_2	148140	3	49380.0000
-GROUPxxx_3	57007	2	28503.5000
-GROUPxxx_4	96317	2	48158.5000
+GROUPxxx_1	48887	3	16295.666666666666
+GROUPxxx_2	148140	3	49380
+GROUPxxx_3	57007	2	28503.5
+GROUPxxx_4	96317	2	48158.5
================================================================================



Avg float
== Query ==
SELECT cchar as char_gr
, sum(cfloat)
, count(cfloat)
, avg(cfloat)
FROM api_scan
GROUP BY cchar;

Number of output lines, including header: 5

== Diff ==
================================================================================



Avg double
== Query ==
SELECT cchar as char_gr
, sum(cdouble)
, count(cdouble)
, avg(cdouble)
FROM api_scan
GROUP BY cchar;

Number of output lines, including header: 5

== Diff ==
================================================================================



Cleanup
DROP TABLE api_scan;
