CREATE TABLE tbl (sint8 TINYINT NULL) ENGINE=NDB;
INSERT INTO tbl (sint8) VALUES (7);
Overflow using multiplication:
NDB Permanent error 1860: arithmetic operation results overflow, check error log on data node for more details
ronsql_cli caught exception: Failed to execute aggregation.



Zero through many divisions:
== Query ==
SELECT sint8
     , sum((sint8 / sint8)
           / 1024 / 1024 / 1024 / 1024 / 1024 / 1024 / 1024 / 1024 / 1024 / 1024
           / 1024 / 1024 / 1024 / 1024 / 1024 / 1024 / 1024 / 1024 / 1024 / 1024
           / 1024 / 1024 / 1024 / 1024 / 1024 / 1024 / 1024 / 1024 / 1024 / 1024
           / 1024 / 1024 / 1024 / 1024 / 1024 / 1024 / 1024 / 1024 / 1024 / 1024
           / 1024 / 1024 / 1024 / 1024 / 1024 / 1024 / 1024 / 1024 / 1024 / 1024
           / 1024 / 1024 / 1024 / 1024 / 1024 / 1024 / 1024 / 1024 / 1024 / 1024
           / 1024 / 1024 / 1024 / 1024 / 1024 / 1024 / 1024 / 1024 / 1024 / 1024
           / 1024 / 1024 / 1024 / 1024 / 1024 / 1024 / 1024 / 1024 / 1024 / 1024
           / 1024 / 1024 / 1024 / 1024 / 1024 / 1024 / 1024 / 1024 / 1024 / 1024
           / 1024 / 1024 / 1024 / 1024 / 1024 / 1024 / 1024 / 1024 / 1024 / 1024
           / 1024 / 1024 / 8
           / 1024 / 1024 / 1024 / 1024 / 1024 / 4
     ) as div_overflow
FROM tbl
GROUP BY sint8;

Number of output lines, including header: 2

== Diff ==
--- mysql.out
+++ ronsql.out
@@ -1,2 +1,2 @@
 sint8	div_overflow
-7	0.000000000000000000000000000000
+7	0
================================================================================



Zero through many integer divisions:
== Query ==
SELECT sint8
     , sum(sint8
           DIV 1024 DIV 1024 DIV 1024 DIV 1024 DIV 1024 DIV 1024 DIV 1024 DIV 1024 DIV 1024 DIV 1024
     ) as intdiv_overflow
FROM tbl
GROUP BY sint8;

Number of output lines, including header: 2

== Diff ==
================================================================================



Division by zero:
== Query ==
SELECT sint8
     , sum(1 / (sint8 - sint8)) as div_zero
FROM tbl
GROUP BY sint8;

Number of output lines, including header: 2

== Diff ==
================================================================================



Integer division by zero:
== Query ==
SELECT sint8
     , sum(1 DIV (sint8 - sint8)) as intdiv_zero
FROM tbl
GROUP BY sint8;

Number of output lines, including header: 2

== Diff ==
================================================================================



Modulo zero:
== Query ==
SELECT sint8
     , sum(1 % (sint8 - sint8)) as mod_zero
FROM tbl
GROUP BY sint8;

Number of output lines, including header: 2

== Diff ==
================================================================================



Cleanup
DROP TABLE tbl;
